,tweets
0,one would choose bewakoofasks srk teamindia
1,two favourite people one frame high joshshehnaazgill vickykaushal
2,nobodyliterally nobodythat one uncle every weddingtmkoc taarakmehtakaooltahchashmah indianweddings
3,newly launched flat knit sweater feel fashionable amp snuggy soft amp lightweight fabric newly launched flat knit sweater winterwear collectionshop onlineshopping winterwear sweater fashion
4,people delhi todaydelhi delhincr pollution
5,cricketer haswhat hashappybirthdayviratkohli t20worldcup viratkohli hbdviratkohli
6,celebrate king viratkohlis birthday contest participate 5 lucky winner get win r 1000 rule follow retweet amp like tweet tag 3 friend answercontestindia contestalert giveawayindia
7,arrived new flat knit sweatersseasons stylish look feel snug soft lightweight fabric amp shop newly launched flat knit sweater winterwear collection kickstart wintershop onlineshopping fashion
8,shark tank india s2 playing heart sharktankindia ashneergrover amitjain
9,like friend salmankhan bollywoodmemes
10,freshly arrived new winter style flaunt love boy grabbing cool comfy bts print new winterwear collection shop faves bewakoof bts onlineshopping fashion
11,spending money tshirts shoe inner mebollywoodmemes akshaykumar onlineshopping
12,pov mom beat ziddi chipkali roompathanteaser pathan shahrukhkhan srk
13,wrong answer houseofthedragon hotd bewakoofasks
14,account credited 4070 payday partyturn youthful charm official disney merchandise shop faves bewakoof disney discount offer sale onlineshopping fashion
15,trying show something funny friend dont find funny shehnaazgill shehnaazgallery
16,love srk need participate contestanswer question get win exclusive merch rulesfollow retweet amp like tweettag 3 friend answercontestalert contestindia giveawayalert shahrukhkhan
17,cannot keep calm today shahrukhkhans birthday tell u favourite dialogue bewakoofasks happybirthdaysrk srk
18,salary credited let celebrate payday party 4070 offbe fashionable represent favourite anime cool collection shop faves bewakoofanime deku discount sale onlineshopping fashion
19,happy birthday onejisne crazy kiya kaare kaare naina here aishwaryarai tell u favourite character played bewakoofasks
20,today dotd belongs greatest shinobi naruto sacrificed clan family trusted next generation complete goal itachi uchiha shop naruto itachiuchiha onlineshopping tshirts fashion
21,best caption award 2022 go amitabhbachchan bollywood bollywoodmemes
22,payday party live 4070 unleash inner cool kid official disney merchandise combine comfort swag create one kind look pay day partyshop disney discount sale onlineshopping fashion
23,congratulation winning dm u detail
24,india lost match eliminates pakistan raceall ust20worldcup crickettwitter t20wc2022 teamindia
25,horror story keep u night halloween halloween2022 scarystories onlineshopping
26,could u wo cricket hi nahi dekhti t20worldcup crickettwitter t20wc2022
27,arrived new flat knit sweater collection kickstart sweater weather comfy range lightweight knit flat knit sweater collection feel comfy trendy amp confident shop onlineshopping winterwear fashion
28,batao humein bewakoofasks twittermovies
29,fresh drop alert world collection flex comfy side style make want new collection shop onlineshopping nasa tshirts fashion
30,logo ki halloween aati jaati haimeri toh puri zindagi hi halloween hai halloween halloween2022
31,officially cut tie kanye west kanyewest trending
32,dad watching wake 12pm weekendt20worldcup crickettwitter t20wc2022
33,new launch alert loved previous print meet latest drop world collection aim star ready rocket world drip worthy printsshop onlineshopping nasa tshirts fashion
34,elon musk buying twitter firing top executiveselonmusk paragagrawal twitter nawazuddinsiddiqui
35,contestalert answer question get win exclusive bewakoof merch rule follow rt amp like tweet tag 3 friend answert20worldcup crickettwitter giveawayalert teamindia contestindia
36,new collection alert rocket ootd new world collectiongrab pick irresistible price shop onlineshopping nasa tshirts fashion
37,new drop alert world collection existence small urge shop huge shop new collection right awayonlineshopping nasa tshirts fashion
38,tell u friend group bewakoofasks friendship
39,congratulation winning jay anoop1 amskm2 2003 panda45 02 jhaa please dm u detail
40,dm simping viratkohli sameindvsned t20worldcup crickettwitter t20wc2022
41,dropping bestsellerlevel style achieve goal kickass collection grab em price youve never seen shop onlineshopping tshirts garfield fashion
42,signature style every indian dad sitting chairviratkohli rohitsharma cricketmemes crickettwitter
43,two people get kohinoor backrishisunak ukprimeminister hrithikroshan bollywoodmemes
44,thanks rishi sunak soon see nimbumirchi outside uk prime minister office along dahicheeni must ritual every day rishisunak ukprimeminister primeminister
45,last day enter biggest diwalicontestsend answer make sure follow rulesgood luck dosto giveawayalert contestalert diwali diwali2022
46,bestseller alert instaworthy print amp comfortable fit roll warm cool new winter style bestseller grab faves pocket friendly price shop onlineshopping festive winterwear hoodies fashion
47,shuru ho jao bewakoofasks diwali diwali2022
48,people went office today officememes bollywoodmemes
49,aaj whatsapp ne bhi chutti leli par admin aaj bhi dil lagake social medium handle kar raha hai
50,guess even whatsapp needed break happy diwali message
51,bestseller incoming add dash bewakoof outfit season stand crowd grab faves bestseller pocket friendly price shop onlineshopping festive tshirts fashion
52,one day goparticipate biggest diwalicontest 10 lucky winner get win r 10000contest end october 26th 2022 giveaway contestalert diwali diwali2022
53,call crush patakha diwali crushshehnaazgill diwali diwali2022
54,hey youare diwalibecause light world diwali2022
55,dont miss biggest diwalicontest participate today 10 lucky winner get win r 10000diwali diwali2022 contestalert contestindia giveawayalert
56,arrived looking effortless yet stylish ootd every day essential tee make basic better unbeatable price shop onlineshopping festive tshirts fashion
57,wishing happy prosperous dhamakedaar diwali diwali diwali2022 diwaliindia
58,yaha bhi hoga waha bhi hoga ab toh sare jahan mein hoga kohli ka jalwa viratkohli goat indvspak2022 t20wc2022
59,drop diwali decor image admin ready hype bewakoofasks diwali2022
60,kaju katli fan give u belowdiwali2022 diwaliindia diwali
61,dosto make diwali special participate diwalicontest contestalert contestindia diwali2022 diwali giveawayalert
62,today dotd character belongs senju clan hailed god shinobi naruto celebrate hashirama senjus birthday bewakoof shop narutoshippuden hashiramasenju anime manga hashirama
63,biggest diwalicontest answer following amp 10 lucky winner get win r 10000rules follow rt amp like tweet tag 3 friend answercontest end october 26th 2022 giveaway contestalert diwali diwali2022
64,dhanteras expectation v dhanteras reality diwali dhanteras diwali2022 rajinikanth
65,gt open bewakoof app gt order clothes mom order clothes dad order clothes didi order clothes bff diwali shopping done
66,arrived smart amp snug oversized sweatshirt amp hoodies keep warm amp uptodate cool new winter style feel comfy trendy amp confident shop winterwear hoodieseason sweatshirt onlineshopping
67,thing unites u diwali diwali2022
68,pic 1 hair normal dayspic 2 hair go outkarankundrra tejasswiprakash tejran badhairdays
69,time rule street style ultimate jiraiya printed teebuy fast selling anime merchandise unbeatable price shop anime hashiramasenju naruto tshirts onlineshopping fashion
70,didnt reply bet cheating memeanwhile himtmkoc taarakmehtakaooltahchashmah diwali
71,actual multiverse madness salmankhan multiversemadness shahrukhkhan bobbydeol
72,let magic yellow unfold around chic sweatshirt hoodie dress ace ootd game range trendy comfortable apparel new winterwear store shop onlineshopping winterwear hoodieseason
73,winter coming reply tweet let u suggest jacketsweatshirt storebewakoofasks
74,rock electrifying look black adam official collection make want shop blackadam blackadammovie dwaynejohnson onlineshopping fashion
75,clean room diwali yet mom find dirty diwali rajnikanth
76,people going crazy selena hailey rekha jaya way selenagomez haileybieber jayabachchan rekha
77,make fun even friend tejasswiprakash tejran
78,dosto participate karo get win bewakoof merch prize
79,occasion nobearddaytell u funniest moment made shave beard best story get win exclusive merch rule follow rt amp like tweet tag 3 friend answercontestindia contestalert giveawayindia
80,say bro mujhe sachha pyaar ho gaya hai 6th time week installing india datingmemes hasbulla
81,got awaited black adam official collection live nowflaunt official merch cinema near black adam release 20th octshop blackadam blackadammovie dwaynejohnson onlineshopping fashion
82,name one colour wear whole life bewakoofasks fashiontwitter onlineshopping
83,friend way ring someone doorbell run viratkohli mohammedshami childhood
84,want social medium account tshirt fashionmemes onlineshopping tshirtmemes
85,congratulation winning bhagat17 dm u detail
86,congratulation winning dm u detail
87,congratulation winning dm u detail
88,today dotd make heart light inside shop bts tshirts onlineshopping fashion
89,one fashionclothing item make mood go like bewakoofasks priyankachaharchoudhary ankitgupta biggboss16
90,friend showing mom horrible rangoli madetrending souppainting vanogh
91,anything break shattersmomsamitabhbachchan bollywoodmemes monday
92,checked mad diwali sale 5080 grab everything gone level style achieve fitness goal kickass collection shop sale diwali discount onlineshopping fashion
93,worldfoodday today amp got quiz answer win big prize q name food item rhyme bewakoof rule follow rt amp like tweet tag 3 friend answercontestindia contestalert giveawayindia
94,trend come go shahrukhkhans legacy stay srk bollywoodmemes
95,didnt lose great actor also kind humanthank making childhood better robbie coltrane riplegend harrypotter
96,save big mad diwali sale festive season 5080 dye soul colour thought ultimate splash tie amp dye shop sale diwali discount onlineshopping fashion
97,climbing four stair shehnaazgill bollywoodmemes biggboss16 bb16
98,sunn rahe ho na ownyourcrazy bewakoof
99,nationaldessertday todaytell u favourite dessert gulab jamun win race bewakoofasks
100,here chance grab faves mad diwali sale 5080 create interstellar look simply world shop fashion winterwear onlineshopping
101,every couple waiting moon today karvachauth shoaibakhtar theoffice crickettwitter
102,batao aj chand kitne baje ayega bewakoofasks karvachauth
103,contestalert occasion happyjimindayheres chance win exclusive bts merch q tell u jimins crush rule follow rt amp like tweet tag 3 friend answercontestindia btsarmy giveawayindia
104,mad diwali sale 5080 back celebrate descendant famous saiyan character gohan printed tee shop anime dragonballz onlineshopping tshirts
105,feel whole group laugh joketejaswiprakash tejran karankundrra
106,mini contestalert complete following dialogue win exciting prize overacting karules follow retweet amp like tweet tag 3 friend answercontestindia giveawayalert akshaykumar
107,know remixed song bollywoodmemes nehakakkar tanishkbagchi
108,loved extraordinary attorney woowe got viral greeting kdrama today dotd shop extraordinaryattorneywoo kdrama anime onlineshopping tshirts
109,make polyester jacket last longer relationship follow step fashiontips onlineshopping fashion jacket
110,today dotd belongs anime character whose devil dog named pochita sacrifice revive former master shop chainsawman anime onlineshopping tshirts
111,think twilight better love story rishabhpant urvashirautela
112,hey girl today datebecause 1010 bahane karke le gayi dil le gayi dil send crush
113,mad diwali sale 5080 back celebrate narutos birthday bewakoof jujutsu create best naruto drip shop fashion onlineshopping tshirts naruto anime naruto20th
114,thought naagins dont exist cricketmemes crickettwitter india
115,daastaan hai yeh ki ek tha naujawan jodil hi dil mein monday ko hate karta tha srk shahrukhkhan omshantiom
116,thapad na khaane ki ninja technique indianmemes viralmemes
117,weekend plan weekend plansintroverts introvertlife harrypotter indianmemes
118,youre looking perfect fit make feel confident comfy season winterwear collection answer shop menswear onlineshopping fashion
119,contestant alltime favourite biggboss tejran rubinadilaik abdurozik sidnaaz
120,moment life make feel like viratkohli cricketmemes crickettwitter bewakoofasks
121,well whatever said make sense shop favourite quote bewakoof groot onlineshopping fashion
122,festive ready look right way slay inner desi vibe fast selling relaxed fit kurta festive seasonshop menswear fashion festival onlineshopping
123,love buying bewakoof tshirts becausecomplete sentence using predictive text bewakoofasks
124,catch allnew official pokemon collection shop newcollection fashion pokemon onlineshopping
125,explained 10th time yet dont know rule uno priyankachaharchoudhary biggboss16 biggboss
126,festive season right around corner grab treat eye wallet pull chic ootd gorgeous blue kurta pair denim amp sneaker smarter look shop fashion festival onlineshopping
127,two day weekend two day weekend one bewakoofasks
128,men shouldnt wear pinkmeanwhile kartik aryankartikaryan bollywoodfashion mensfashion
129,congratulation winning srd please dm u detail
130,wardrobe need whole lotta comfort style youre right place fill cart winterwear collection pocket friendly price shop onlineshopping fashion winter wintercollection
131,admin realising ki kal office jaana hai weekdayblues officememes
132,contestalert time defeat evil tell u number head win exclusive bewakoof merch rule follow rt amp like tweet tag friend answergiveaway giveawayalert contestindia happydusshera happydusshera2022
133,new collection alert get ready funfilled battle allnew official pokemon collection explore latest fit print pikachu charizard jigglypuff amp shop newcollection fashion tshirt onlineshopping
134,may stress pressure calorie life burn happy dussehra dusshera happydusshera happydusshera2022 navratri
135,owning crazy side ownyourcrazy bewakoofasks
136,let style statement shine shadow wakanda forever printed tee shop blackpantherwakandaforever wakandaforever marvel disney onlineshopping
137,guess need buy new clothes diwalionlineshopping fashion fashionmemes
138,god richachadha alifazal bollywoodmemes
139,hyping man abdurozik biggboss16 hyping season biggboss
140,revamp oldschool wardrobe bewakoofs trendy polo tshirts ace ootd game shop menswear onlineshopping fashion
141,somebody asks caremeshehnaazgill shehnaaz viralmemes
142,pay day aa gaya toh fir kyakya shop karne ka soch rahe hobewakoofasks
143,mooove fav product cart great discount biggest sale oof sale 5080 shop biggestsale discount oofsale fashion onlineshopping tshirts
144,tag karo apne pyaare pyaare dost ko bewakoofasks friendshipmemes batman friend
145,feel 59 friend talk shortpeopleproblems viralmemes bollywoodmemes
146,show love fav artist starboy today design day shop theweeknd starboy onlineshopping tshirts
147,ye dukh kaahe khatam nahi hota cristianoronaldo lionelmessi sunilchhetri
148,hey blink time spice wardrobe today design day shop blackpink pinkvenom kpop onlineshopping
149,2 din hai tumhare paas 2 din enter contest win bigparticipate get win airpods pro last date 2nd octobercontestindia giveawayalert giveawayindia
150,dekho dekho wo aa gaya ryanreynolds hughjackman deadpool3
151,brain whole day brain 3 amshehnaazgiil viralmemes
152,main toh nahi hu par tum ho navratri2022 navratri happynavratri shraddhakapoor
153,funny pay many clothes yet nothing wear onlineshopping tshirts fashion
154,knock knockkaun main admin firse bolne aya hu ki participate today biggest contestalert get win airpods pro last date 2nd octobercontestindia giveawayalert giveawayindia
155,biggest sale oof sale 5080 live flaunt love dark knight official dc merchandise available great discount oof saleshop biggestsale discount oofsale fashion onlineshopping tshirts
156,tum nonveg ko yaad karo hum toh navratri thali ke fan hai navratri2022 happynavratri
157,ye na ho toh kya ho gujjus ka navratri2022 navratri happynavratri
158,ranbirkapoors birthday tell u one character relate played actor bewakoofasks happybirthdayranbirkapoor
159,sorry adam levine leaking dm chat adamlevine viralmemes tshirts
160,wardrobe needed powerful upgrade got design day thats born rage shop onlineshopping fashion buynow
161,tell u 2 achievement 2022 tumhara admin aj sabko hype karega bewakoofasks
162,dont know many god left tejasswiprakash karankundrra tejran
163,bff colleague realise still tuesday survive whole week rogerfederer rafaelnadal fedalforever goat
164,war looming house dragon today dotd rule wardrobe like dragon rule seven kingdomseyeing thisdrip shop houseofthedragonhbo houseofthedragon gameofthrones
165,ahem ahem still see lot missing winning airpods pro dont let slip away participate contestalert contestindia giveawayalert giveawayindia
166,admin ka toh ye aya please note spiderman raapchik haiwhat get comment bewakoofasks
167,today marvelous design day come straight outta wakanda shop marvel wakanda onlineshopping tshirts
168,many outfit need weeklong trip bewakoofasks
169,engineering student examsakshaykumar ramsetu abhisheksharma
170,fill cart stylish amp comfy hoodies get ready season biggest sale ever oof saleget everything upto 80 shop biggestsale discount oofsale fashion onlineshopping tshirts
171,excuse besties participate kiya ki nahi nahi toh fir karo na get win airpods pro contestalert contestindia giveawayalert
172,opening tiffin see maggi like nostalgia 90skids indianmemes
173,truth spokenthor adamlevine viralmemes thorloveandthunder
174,u listening new version mainepayalhaichhankainehakakkar falgunipathak
175,grab cart buy fav merch biggest sale oof sale flat 5080 offflex comfy side style make want shop biggestsale discount oofsale fashion onlineshopping tshirts
176,tshirt company compare onlineshopping fashion viralmemes indianmemes
177,think part biggboss16 time bewakoofasks biggboss
178,stress anxiety pending work looking waste time phone hrithikroshan srk shahrukhkhan salmankhan
179,here chance grab faves biggest sale oof sale 5080 keep calm stylish owning bestseller unbeatable price shop biggestsale discount oofsale fashion onlineshopping tshirts
180,biggest sale ever stand chance win airpods pro participate today
181,dog start chewing something isnt taking rohitsharma indvsaus cricketmemes
182,saturday ko chutti shahrukhkhan srk bollywoodmemes
183,congratulation winning dm u detail
184,pic 1 girl glow skincare routinepic 2 boy glow waking paani se muh dho lena munawarfaruqui
185,biggest oof sale 5080 backshop hot selling disney merch flaunt love mickey mouse giving wardrobe ultimate makeover pocket friendly rateshurry shop biggestsale discount oofsale onlineshopping
186,biggest sale ultimate contest participate get win airpods pro
187,today dotd belongs shinobi naruto nara clan know famous phrase drag celebrate shikamaru nara birthday bewakoof shop shikamaru anime naruto onlineshopping tshirts
188,friend character bewakoofasks friend
189,lost legend sure making people laugh heavenrajusrivastav riplegend
190,contestindia giveawayalert biggestsale
191,could youshop favorite save biggest sale oof sale 5080 hurry shop biggestsale discount oofsale fashion onlineshopping bewakoofofficial ownyourcrazy
192,biggest sale oof sale brings biggest ever contesta week unlimited discount unlimited winner unlimited madness stay tuned
193,petting someone dog start biting karankundrra tejran tejasswiprakash
194,congratulation winning dm u detail
195,fill cart tshirts vest dress short amp get ready festive season biggest sale ever oof sale get everything upto 80 shop
196,poo se geet takhar character ko nibhaya hai khoob happy birthday one kareenkapoor tell u favourite dialogue kareen kapoor bewakoofasks
197,oof se shopping karo aur kapde repeat karna bhul jao shop biggestsale onlineshopping
198,teamindia team australia today scoring big doctorg ayushmannkhurrana indvaus
199,contestalert hellooo blink tell u name blackpinks latest song get win exclusive blackpink merch rule follow rt amp like tweet tag friend answergiveawayalert contestindia blinksindia
200,titan time aot fan world titan covered three wall break style latest anime tee straight outta colour splash collection shop anime attackontitan onlineshopping tshirts
201,think look like enter party v actually look likeshehnaazgill indianmemes
202,war looming house dragon get ready fire blood today dotdeyeing thisdrip shop houseofthedragonhbo houseofthedragon gameofthrones
203,hugging urge annoy sibling every 5 minutesranveersingh pushpa alluarjun
204,ek chutki sindoor khushi ki keemat tum kya jaano ramesh babu tum apni life mein ek chutki kya chahte ho bewakoofasks
205,add hint vibrance wardrobe allnew colour splash collectionexplore top oversized tshirts coords amp get odd trendiest colour special priceshop bewakoofofficial ownyourcrazy fashion newcollection
206,besties contest mein part nahi liya toh kya kiya participate win bewakoof merch
207,mini contestalert caption meme win exciting prize bewakoof rule follow retweet amp like tweet tag 3 friend encourage participatecontestindia giveawayalert tigershroff dishapatani
208,nobodypeople baby make smiletejran tejasswiprakash
209,wanting turn oldschool wardrobe something funky extra dash colour worry launching special collection youall gotta guess theme stay tunednewcollection onlineshopping fashion
210,daily life wake sleep repeatbatao dosto tum kya karte ho apni life mein daily bewakoofasks
211,congratulation winning dm u detail
212,pov scrolling feed see people getting married travelling abhishekbachchan indianmemes
213,drumrolls pleasebewakoof proud introduce special discount line supersoft innerwear collection undrdawg quirky outside amp comfy inside starting r 299 onlyshop undrdawg innerwear onlineshopping ownyourcrazy
214,mini contestalert tell u guest episode koffeewithkaran win bewakoof voucher rule follow rt amp like tweet tag friend encourage participategiveawayalert contestindia varundhawan
215,drop favourite emoji let admin suggest buy next bewakoofasks
216,cut slack dribble way cool zone money dont jiggle men tshirt sizzling september picksshop onlineshopping fashion menfashion tshirts
217,wardrobe needed powerful upgrade got design day thats born rage shop onlineshopping fashion buynow
218,pic 1 like pic 2 friend tejasswiprakash tejran tejatroops
219,toh ki ki ke ghar par hai ek aise chair
220,clothes chair begging dump laundry meme tshirts indianmemes
221,birthday rap monster aka rm celebrate rms birthday today exclusive bts merch bewakoof shop rm bts btsarmy onlineshopping fashion
222,congratulation winning dm u detail
223,toh bolo dosto relate ownyourcrazy herapherimemes welcomememes
224,reaction life reaction tshirt like go stockkanganaranaut queen onlineshopping fashionmemes
225,dosto isme participate kiya ki nahi participate win big
226,feel like answering viva exam kamalhaasan ranveersingh ranadaggubati
227,there life make u happier tag best friend viralmemes meme
228,monday face gangsofwasseypur nawazuddinsiddiqui indianmemes
229,ca mbbs student year dhanush ca mbbs studentmemes
230,whats score 26 comment tell usbewakoofasks movie tvshows
231,let magic pink unfold around tie amp dye cheeky dress ace ootd game range trendy comfortable apparel hatke weekend sale 5070 shop fashion onlineshopping womensfashion
232,said queen dead queen bless u presence shehnaazgill aliabhatt tabu kareenakapoor queen
233,feel bad scorpio get zodiacsigns sunsigns bewakoofasks
234,boy way get kohinoor queen death
235,taking street ensure style scratch durable comfortable jogger stay ahead style curve hatke weekend sale 5070 offshop fashion onlineshopping tshirts mensfashion
236,dil kohli kohli ho gaya bhai ki kariye ki kariye here viratkohlis 71st century indvsafg asiacup2022
237,hail kingwe may 99 problem 71st century solved asiacup2022 indvsafg viratkohli
238,get salary gone within 3 day paydaysale shop payday viralmemes salaryday onlineshopping
239,congratulation winning please dm u detail
240,dono kidney aur aukat se bahar appleevent ios16 salmankhan iphone14
241,orange new black comfort reached maximum level range knit sweater make splash style going cool outfit hatke weekend sale 5070 offshop fashion onlineshopping
242,bolo bolo aur comment mein dil kholo tejasswiprakash tejatroops tejran
243,mo salah ek footballer hai naa ki kisi salad ka naamjenniferwinget football footballmemes
244,pink make wink shop fashion onlineshopping tshirts mensfashion
245,mini contestalertcaption meme get win exclusive signed merch rule follow rt amp like tweet tag 3 friend answercontestindia giveawayalert shehnaazgiil shehnaazians
246,kiskis ne ye khushi mehsus ki onlineshopping fashion flipflops
247,parent sleeping v parent sleepingmemes viralmemes tomandjerry
248,become limelight acing called chill look crazy side swag shop fashion onlineshopping tshirts mensfashion
249,hamara toh hamesha rhega bewakoofasks september
250,flex love talked show owning original merchandise unbeatable price shop houseofthedragonhbo houseofthedragon gameofthrones
251,kabhi kaleen bhaiya banke mirzapur mein daryakabhi guru ji banke sacred game ka paath padhayakabhi bhanu pratap banke mimi mein hasayatoh kabhi sattu bhaiya banke ludo ka rang jamayayeh aadmi hai ek par roop anek happy birthday pankaj tripathi
252,aaj toh kaam kam lag raha haikaam metmkoc taarakmehtakaooltahchashmah
253,mandatory monday morning face look like kareenakapoor shahidkapoor mondayblues
254,congratulation winning dm u detail
255,asia cup toh apna hi hai dont worry guy indvspak2022 pakvsindia indvspak asiacup2022
256,call cute mera bewakoof reaction like bewakoofasks
257,trying teach dad use whatsappmy dad
258,letting go tshirt hardest asana flex move hit gym style picking quirky outfit payday sale 4070 shop fashion ootd ownyourcrazy bewakoofofficial
259,tshirts
260,3 month 16 day titanic old leonardo dicaprio
261,sunte ho beard lover here contest guess correct answer stand chance win exciting merch rule follow retweet amp like tweet tag 3 friend answercontestindia giveawayalert giveawayindia worldbeardday
262,12 year bewakoof woman 25 leonardo dicaprios type
263,make splash style picking quirky outfit payday sale 4070 shop payday onlineshopping fashion tshirts
264,one dialogue make go like thisbewakoofasks tmkoc taarakmehtakaooltahchashmah
265,congratulation winning dm u detail
266,congratulation winning dm u detail
267,congratulation winning dm u detail
268,congratulation winning dm u detail
269,congratulation winning dm u detail
270,congratulation winning dm u detail
271,congratulation winning bhagat17 dm u detail
272,congratulation 0016 winning dm u detail
273,attitude baddie inside saddie indianmemes viralmemes meme
274,touching grass enough want watch sidharthshukla win biggboss shehnaazgill sidnaaz rememberingsidharthshukla
275,literally every conversation koffee karan koffeewithkaran aliabhatt karanjohar viralmemes
276,mini contestalerttell u superstar birthday september salman khanb akshay kumarc kartik aryanrules follow rt amp like tweet tag 3 friend answercontestindia giveawayalert salmankhan akshaykumar kartikaryan
277,tell u tshirt bewakoof made feel like bewakoofasks akshaykumar onlineshopping fashion
278,celebrate purple day every day style get ready look like official member army kpop collection shop bts btsarmy btsfans btsworld btsmerch kpopcollection oversizedtshirt btskpop
279,girl posing socalled candid picture shehnaazgill filmfareawards2022
280,girlfriend want meet priority dance ganpati visarjan ganeshchaturthi ganeshchaturthi2022
281,spot name ganpati bappa enter contest list win special voucher ganeshchaturthi2022 contest giveawayalert
282,heart mind everywhereonly bappa happy ganesh chaturthi ganeshchaturthi2022 ganesha ganeshutsav topicalspot festivevibes momentmarketing
283,vada pavyou tshirt pantsyou tejasswiprakash karankundrrayou bewakoof bolo bolo bewakoofasks
284,kid catch playing game phonesanjaydutt meme indianmemes
285,say goodbye old undies youre fall love undrdawg grab allnew funky innerwear combo undrdawg innerwear fashion
286,dosto make noise tarak mehta boy participate karo win free merch
287,nahi nahi mujhe photo click karwana pasand nahi also soon see camerakarankundrra kkundrrasquad tejran tejasswiprakash
288,dessert ke liye hamesha hi hamesha jagah hai congratulation couple happy news bipashabasu karansinghgrover
289,get ready reign youre looking fashion statement turn head house dragon collection need shop houseofthedragon houseofthedragonhbo gameofthrones
290,deliver customised tee quoting baap baap hota hai team defeated tonight indvspak teamindia asiacup2022
291,sure pakistan team win heart losing match today indiavspakistan indvpak
292,friendship matching tshirts tag friend want buy matching tshirts bewakoofasks
293,mini contestalertyou date shehnaazgill tell u break ice best answer get win exciting merch rule follow rt amp like tweet tag 3 friend answercontestindia giveawayalert giveawayindia
294,walking past someone know avoid small talk drishyam3 mohanlal
295,stomach momos wali chutney enters ranbirkapoor aliabhatt brahmastra
296,letting someone borrow tshirt love language love language bewakoofasks
297,hit refresh wardrobe weekend going stylish hatke product ace game fashion bewakoofs big clearance sale avail 70 faves head shop
298,look like friend one year younger tejasswiprakash tejran tejatroops
299,genie grant wish buy 3 thing bewakoof app toh kya kya buy karoge dosto bewakoofasks
300,ultimate biggboss contest spot contestant amp get win exclusive merch rule follow rt like tweet tag 3 friendscontestalert contestindia tejasswiprakash karankundrra princenarula asimriaz shehnaazgill rubinadilaik
301,play cool 2022s international color year peri collection keep trendsetting rule peri collection 55 bewakoof shop
302,green flag look prefer normal bhel gt chinese bhelaur btao kaunse green flag look bewakoofasks
303,hype real dive deeper world targaryens official house dargon collection houseofthedragon houseofthedragonhbo gameofthrones
304,congratulation winning bewakoof merchandise worth 2000
305,congratulation winning cash prize 5000
306,mini contestalert tell u lame joke make tejasswiprakash laugh like image best answer win exclusive signed merch rule follow rt like tweet tag 3 friendscontestindia giveawayalert tejran biggboss
307,mom heard talking girlmy momindianmatchmaking simaaunty
308,men used go war ab wo apne order ki delivery ke liye 10 min pehle bahar khade ho jaate hai
309,contest timename movie character dialogue fit best answer win exclusive shehnaazgill signed merch rule follow rt like tweet tag 3 friend answercontestindia giveawayalert shehnaazians
310,pic 1 girl sleepoverspic 2 boy sleepoversmunawarfaruqui munzeeali alimerchant zeeshankhan
311,every group project ever done liger ligerhuntbegins salmankhan vijaydevarakonda chiranjeevi
312,mini contestalertcaption epic meme amp funniest answer win exclusive merch rule follow rt like tweet tag 3 friend answercontestindia giveawayalert giveawayindia meme
313,thappad se darr nahi lagta sahabmonday se lagta hai suffering monday blue bewakoofasks
314,tshirt pe tshirttshirt pe keedahamare saare customerslakhon mein heera bolo wah wahfriends onlineshopping shayari
315,mini contestalertname movie wrong answer amp funniest answer get win special prize bewakoof rule follow rt like tweet tag 3 friend answercontestindia giveawayalert giveawayindia
316,bed every sunday meme indianmemes
317,dont drug except well start online shopping bewakoofasks
318,momdad looking walk school cry screaming mummy salmankhan poojahegde nostalgia meme
319,adulthood waking face every morning tmkoc taarakmehtakaooltahchashmah
320,last day participate hurry answer win amazing prize result announced tomorrow
321,getting drunk cry heart friend tejasswiprakash tejran
322,janamashtami ki hardik mubarakein participate contest amp get win exclusive merch rule follow rt like tweet tag 3 friend answercontestalert contestindia giveawayalert janamashtami2022
323,two making feel single today ranbirkapoor aliabhatt
324,crush crack joke mesiddharthmalhotra sidkiara koffeewithkarans7
325,mini contestalertcaption video stand chance win exciting merch rule participate follow retweet amp like tweet tag 3 friend encourage participatecontestindia giveawayalert rubinadilaik rubiholics
326,chance win amazing prize participate contest contestalert contestalertindia contestgiveaway giveaway giveawayalert
327,one friend start dancing music tag shehnaazgill friend meme
328,shuru ho jao ownyourcrazy
329,contestalert ole ole oleeeit saifalikhans birthday tell u one false 1 belongs royal family2 also parttime cricketer3 son name taimur rule follow amp rt tweet tag 3 friend answer
330,brave people karankundrra tejasswiprakash tejran
331,nobodypeople colgate adsshraddhakapoor meme
332,let celebrate independenceday lt standing gt saluting lt gt singing ye mera india love india show u amrish puri energy yaaas jaihind indiaat75
333,time share memory around independenceday everyone enjoythe mic bewakoofasks
334,might thinking inspirational post year well hometown celebrate auspicious day keep updated uncle mustache nail everyday running
335,one day maa called shared horrible news uncle slipped dislocated knee running still dont know uncle still planning continuing independence day ritual
336,anyway life continued moved colony pursue college job another job oni forgot uncle mustache nail running patriotism
337,would request kid colony come sing national anthem saluting
338,everyday fixed routine wake early go running used break routine every 15th augusthe used wake early dress special white kurta hoist indian flag garden
339,retired government employee mustache long toenail kiddingnot going nail uncle really selfdisciplined enthusiastic independence day
340,story uncle used stay grumpy 364 day year except one day
341,today admin want share personal story youso please spare 2 min read till endtoh chalo shuru karte hai
342,birthday today tell u favourite song bewakoofasks sunidhichauhan happybirthdaysunidhichauhan
343,4 different personality one picture meme memesindia
344,playing tu pyaar hai kisi aur ka tujhe chahta koi aur hai spotify would changed entire moodtmkoc taarakmehtakaooltahchashmah
345,besties back another contest caption meme get win exciting merch rule follow retweet amp like tweet tag 3 friend answercontestalert contestindia giveawayalert saraalikhan
346,favourite gehdi roam spot city rrr rrrmovie bewakoofasks
347,pic 1 friday nightpic 2 saturday morninghulk marvelmemes
348,yaaaay long weekend dosto apni excitement batao using tshirts bewakoofasks
349,friend looking food diet tag friend dhanush saraalikhan happybirthdaysaraalikhan
350,friend baat idhar se udhar tmkoc taarakmehtakaooltahchashmah
351,newprofilepic
352,think issshhhmaaarrttt solve ultimate sibling crossword get win bewakoof merch rule follow amp rt tweet answer crossword tag 2 siblingsbffscontestalert giveaway contestindia rakshabandhan
353,every brother sister today giving away salary rakshabandhan meme
354,nothing much see treating sister like queen akshaykumar rakshabandhan
355,great love come great responsibility prove spiderman stan waiting get hand exclusive spiderman merch shop onlineshopping fashion marvel shopping
356,q4 spidermans one true love
357,q3 name 2 different name spiderman
358,q2 spidermans biggest enemy
359,q1 many version spiderman marvel universe
360,spiderman fan get ready celebrate birthday u participate contest amp get win ultimate bewakoof merch rule follow answer 4 question tag 3 friend along answercontestalert giveaway contestindia
361,fir bhaibehen log august 12th ki leave ke liye apply kar diya kya bewakoofasks
362,graphical description sibling asking dad extra pocket money tejasswiprakash tejran
363,witty brain caption meme get win exciting prize rule follow retweet amp like tweet tag 3 friend encourage participatecontestalert contestindia giveawayalert giveawayindia
364,think wake next day exercising salmankhan tiger3
365,age 30 gaadi bangla paisa aisa kisne kaha hai jo bhi hai bahut hai
366,every office find two type coworkers one youofficememes meme
367,colour tshirt last food item superhero namebatao bewakoofasks
368,exam trying hard remember answer brainstudentlife studentmemes meme
369,congratulation winning contest
370,congratulation winning contest amp
371,congratulation winning contest vimal
372,mom rishtedaar try give money zabardasti happybirthdayfahadhfaasil meme mummyplease
373,friendshipday contest hereguess following song win exclusive friend zone merchrules follow retweet amp like tweet tag 2 friend answercontestindia giveawayalert contestalert
374,gentle reminderkal monday hai dosto
375,ye dosti hum nahi todenge
376,like snoop dogg feeling high pride congratulation team supporter wouldnt possible without proudmoment e4md2cawards bewakoof
377,suno dosto going date today suggest tshirtshirt bewakoof app bewakoofasks
378,stealing saunf restaurent food dwaynejohnson meme relatableaf
379,calling kishore da fansanswer following win exclusive merch q1 kishore kumars real nameq2 name first songrules follow u amp rt tweet tag 3 friend answercontestindia contestalert happybirthdaykishorekumar
380,aaj se shopping kam karuga open bewakoof app kal se shopping order tshirts shirt amp jogger
381,somebody asks chai time aamirkhan koffeewithkaran
382,contestalert thalaivaa house fill blank get win exclusive bewakoof merch rule follow retweet amp like tweet tag 3 friend along answercontestindia giveawayalert giveawayindia rajnikanth
383,main kyu main toh hu bolo bolo bewakoofasks
384,woman team ne bana diya commonwealthgames2022 mein itihaas lawn bowl mein jeet liya gold medal bindaas birmingham2022 cwg2022 cwg2022india
385,crack 2 good joke front friendsme mind munawarfaruqui meme
386,little miss jaha bhi jaati hai baal chor jati hai tag
387,check color year well want list 3 word rhyming peri rule participate follow retweet amp like tweet tag 3 friend encourage participatecontestalert contestindia giveawayalert giveaway
388,bhai aur behen log aj monday kaisa tha bewakoofasks
389,try talk 50th time janhvikapoor meme
390,mummy pata nahi kiske khayalo mein khoya hai aj dinner mein maggi banau ya momos khautaapseepannu happybirthdaytaapseepannu
391,fresh drop alertplay cool 2022s international color year peri collection keep trendsetting rule amp wardrobe exuberant style starting r 399 bewakoof
392,trying decide shop save august onlineshopping fashion sherlockholmes
393,order aa hi jayega tension nahialso keep checking phone see order status dhanush onlineshopping fashion
394,love friend showare one big fan time prove follow retweet tweet find word related show tag 3 friend encourage participatecontestalert contestindia giveawayalert friendsfanweek
395,baarish mein aur mil jaye toh baat ban jaye batao kya kyabewakoofasks
396,girl 55 sound like giving threat janhvikapoor meme
397,caption bewakoofasks theboys meme
398,called ex ekvillainreturns
399,one episode favourite show
400,participated friendzone contest yet participate win merchandise brand new friend zone collection contestalert giveawayalert giveaway giveaway
401,q5 monicas original apartment numberfriendzone
402,q4 two minion close grufriendzone
403,q3 donald duck best friendfriendzone
404,q2 tom amp jerry jerry nephew name friendzone
405,q1 one famous song phoebe friend friendzone
406,hello besties prove dosti u get win exclusive friend zone merch rule follow answer 5 question amp use friendzone tag bff amp ask answer wellcontestalert giveaway contestindia giveawayalert
407,realise thursday weekend isnt far
408,contestalertwhich odd one answer win friend zone rule follow retweet amp like tweet tag friend along answerfriendsfanweek contestalert contentalertindia giveaway giveawayalert
409,let forget iconic geller sibling
410,tshirt friend character let u know favorite character time celebrate friendship day heading straight bewakoof friend zone shop friend friendsfanweekfriendshipday
411,caption bewakoofasks
412,serial outfit repeater yes exist onlineshopping fashion shopping
413,friend fan assemble exciting week planned youll stay tuned find
414,think first impression like like
415,contestalertname atleast 3 minion win minion merchandise rule follow retweet amp like tweet tag 3 friend along answercontestalert giveawayforbkppfc contentalertindia contestindia giveawayalert minion
416,today salute brave hero laid life protection futureyou always remembered kargilvijaydiwas jaihind
417,love bewakoof wo bhi dil se contest follow retweet tweet name 3 latest collection tag 3 friend along answercontestalert contestindia giveawayalert giveawayindia
418,superhero would call protect zombie apocalypse bewakoofasks
419,tell u type underwear youhead shop latest collection brief trunk knit short amp undrdawg innerwear fashion mensfashion newlaunch
420,try shoot shot crush
421,quick question weekend pe sona weekend pe hangout bewakoofasks
422,get chance win earpods participate contest nowcontest contestalert contestalertindia giveawayalert giveaway
423,leaving work friday like
424,aj tameez se drink karuga 3 glassesranveersingh trending
425,phir hera pheri karne ka time aa gaya hai aur bewakoof merch jeetne ka bhi follow rt tweet fill blank bindass answer tag 2 friend encourage participatecontestalert contestindia phirherapheri
426,neend churayi meri kisne oh sanambtao kisne aapki neend churayi hai bewakoofasks
427,feeling autowala agrees go destination dhanush mumbaimemes
428,congratulation winning contest
429,using movie title describe rishtedaar u bewakoofasks
430,contestalert chessday smarties weve got fun contestanswer win bewakoof merchandise rulesfollow tag 2 friend encourage participatecontestalertindia giveaway giveawayalert giveaway
431,show picture mom start swiping right phone
432,taimur jeh confirming teesra bhaibehen nahi aa raha kareenakapoorkhan kareenakapoor saifalikhan
433,congratulation winning contest
434,congratulation winning contest
435,congratulation winning contest
436,stay tuned dosto drop hottest collection summer mark calendar 21072022 underkibaat
437,let chilla laila laila underwear fadd ke follow u post picture old even torn undies use underkibaatthe best entry get exclusive surprise u get set go
438,hey intention intention batao bewakoofasks
439,going coming back fromnani ghar nani gharkareenakapoorkhan kareenakapoorpregnant
440,waqt badal diya jazbat badal diye taimur aur jeh ke liye hearty congratulation kareena kapoor saif ali khan kareenakapoor kareenakapoorpregnant
441,priyankachopra fan house time make noise amp win bewakoof merch follow retweet amp like tweet list 3 recent movie tag 3 friend along answercontestalert contestindia happybirthdaypriyankachopra
442,love storiya part kesariya song like elaichi biryani
443,bos team monday show energy memondayblues monday theoffice
444,listening listening tokesariya part love storiya partkesariya kesariyasong brahmastra lovestoriya
445,first 3 emojis describe love life drop worldemojiday bewakoofasks
446,guy hurt best friend try come back liferrrmovie rrr rrrmemes
447,contestalert tell u 3 song would like listen rainy day lucky winner get bewakoof merchandise rule follow retweet tag 2 friend along answercontestindia contestalertindia giveaway giveawayalert monsoon rainyday
448,youre really bffs youve matching tshirts bff remind get one
449,spending salary tshirts self love last day bewagoofy sale shop onlineshopping bewagoofysale sale fashion
450,book lover every book store shehnaazgill sidnaaz shehnaazgallery
451,contestalert match duo go well together rainy day get chance win bewakoof merchandise rule follow tag 2 friend along answercontestindia contestalertindia giveaway giveawayalert
452,vvv important question smile today bewakoofasks
453,lalit modi sushmita sen reply smsus million dollar reply sm kabhi na kabhi toh milega lalitmodi sushmitasen
454,contestalert take perfect screenshot bewagoofy sale win bewakoof merchandise rule follow retweet amp like tweet reply screenshot tag 3 friend along answercontestindia contestalertindia giveaway giveaway
455,congratulation winning minion contest glory
456,reminder weekend ab ba din durr hai weekend weekendmemes
457,contestalert get ready go banana amp stand chance win exclusive minion collection follow retweet amp like tweet tell u many banana tag 3 friend along answercontestindia contestalertindia riseofgru
458,moment see food coming table happybirthdayasimriaz asimriaz
459,say bello new style minion back bewakoof get ready go banana hitting shop minion minionstheriseofgruminionverse
460,song describes waiting order bataobewakoofko
461,2 type peopleone love bewagoofy sale second havent checked yet go shop priyankachopra bewagoofysale onlineshopping
462,contestalert ready bewagoofyheres chance win merch bewagoofy sale follow retweet amp like tweet tell u code get 10 sale tag 3 friend along answercontest contestindia
463,duspati crorepati come long way cheer u beloved customer cross r 250 crore sale mark fy22
464,agar monday aapne chai se shuru nahi kiyatoh aapne monday shuru bhi kiya kya
465,want grab fresh drop thunderous collection got covered shop herethorloverandthunder thor marvel marvelstudios
466,reply tweet give tshirt suggestion based username
467,friend dont like drama also friendtag friend
468,friend know shopaholic turned personality shopping fashion meme
469,alia bhatt manifesting ranbir u manifesting masala sachet ek maggi ka packet aliabhatt koffeewithkaran7
470,cheenti kill reason theboys
471,tejran karankundrra tejasswiprakash
472,flaunt goofiness let hatke style make way closet bewagoofy sale 4070 explore fastselling tshirts jogger dress short pyjama amp shop 9th15th july bewakoof shop
473,contestalert ready make day marvellous chance win exclusive thorloveandthunder collection follow retweet amp like tweet comment 2 main character movie tag 3 friend along answer
474,sibling fighting get space almirah bahutjagahhai trending meme
475,life seems good today life mekoffeewithkaran7 aliabhatt ranveersingh
476,dont like talk much also 3 practice talk karan koffeewithkaran7 interview
477,contestalert unhoni ko karde honi one amp dhonitime win exclusive dhoni merchandise 7 follow retweet like tweet list 3 song include word mahi tag 3 friendshappybirthdaydhoni msdhoni whistlepodu
478,congratulation winning ticket marvel studio thorloveandthunder noguy vvk atri others stay tuned contest
479,one man many roleshappy birthday 7happybirthdaydhoni msdhoni
480,contestalert hey blink here chance win exclusive blacpink merch follow retweet amp like tweet tell u month blackpink releasing new album tag 3 friend along answerddudududu answer
481,ki chaal dekhoinke fashion ka kamaal dekhokare ye dhamaal dekhoarre dil ko tum sambhal dekho happybirthdayranveersingh ranveersingh
482,crack lame joke still love tag special people asimriaz asimsquad asim riaz bday fest
483,participated thebewakoof x marvel contest yet end tomorrow hurry win ticket marvel studio thorloveandthunder participate contestalertindia giveaway contestalert giveaway thor itshappening
484,contestalertget chance win ticket marvel studio thorloveandthunder participating contestrulescapture perfect screenshot post tagging 3 friendsfollow amp 10 winner announced 7th july giveaway
485,akash siddharth sameer imraan arjun kabir
486,every mumbaikar right mumbairains
487,congratulation winning contest khushi
488,nobodyliterally nobodyevery girl mall washroomtejasswiprakash tejatroops tejran
489,shes 10 also miss india 2022 pageant congratulation shetty sinishetty missindia2022
490,bewakoof use predictive text complete sentence
491,salary aane se pehle hi khatam karankundra kkundrasquad tejran princenarula munawarfaruqi
492,asking sukhi papdi whole plate panipuri panipuri guy
493,knock knock reminder get hand july colorofthemonth varsity green launch price end tonight shop freshdrop newcollection gogreen onlineshopping
494,people get stressed monday starting sunday people
495,karte hai bowling kamaal ki kaho wah jiaj hai happy birthday one bhajji paaji singh
496,contestalert make july colorofthemonth part wardrobe follow like tweet comment 3 green thing love retweet tag 3 friend encouraging participatelets gooooo
497,worldufoday declare love friendly neighboures exclusive tshirt shop onlineshopping fashion
498,introvert making weekend plan peer pressurealso introvert
499,ending like finishing strangerthings4 vol 2
500,one save life one save tax side doctorsday caday
501,taking friday jam jhopes newly released song say
502,climate changed time go green july colorofthemonth varsity green something everyone time ticking grab tshirts boxer slider boxy vest much starting r 299 bewakoof
503,congratulation winner
504,ordering item cart went stock
505,pov amp brother put white tshirt coloured tshirts washing machine
506,start month colorofthemonth take fashion game next level guess color recent contest pagewinners announced tomorrow contestalert contestalertindia giveaway giveawayalert giveaway
507,contestalert blinkscomment favourite line black pink song amp tell u love muchto qualify thisfollow retweet amp tag 3 friends3 lucky winner get hand exclusive black pink merchandise giveawayalert
508,contestalert guess colorofthemonth july winner get hand merchandise rules1 follow 2 retweet tag 3 friendswinners announced 1st july participate nowcontest contestalertindia giveaway giveaway giveawayalert
509,pov pair sock reuniting opposite end house
510,toxic trait much nothing wear time
511,contestalertmake meme marvel superhero using desi meme templatesjust thisfollow comment marvel go local memeretweet amp tag 3 friends3 lucky winner get hand marvel go local tshirts
512,always say
513,pov youre switching skinny fit jean regular fit jean
514,contestalertdrop favorite amp relatable meme template comment amp lucky winner win customized teesrulesfollow comment favorite meme templateretweet amp tag 3 friendscontestcontestalertindia giveawaygiveawayalert
515,lucky winner contest congratulation srkians rest dont disappointed contest running everyday stay tuned contest keep following
516,mondaymotivation contestalerttell u quote get charged monday well get printed tshirtjust thisfollow comment monday quoteretweet amp tag 3 friends3 lucky winner get hand customised tshirts
517,ranbirgtgtgtgtgtflash ranbirkapoor ranbirkapoor aliabhatt ranbiralia
518,brahmastra marketing team ranbir amp aliaaliabhatt ranbirkapoor
519,look like ranbir amp alias special gift ready ship aliabhatt
520,best form selfexpression customised tshirtcustomise meshirt amp unleash artistic side like picasso amp majnu bhaichoose various style size 6xl trendy hue amp start designing
521,congratulation winning contest roser rest disappointed daily contest keep following
522,pov youre drunk shopping see bill sober
523,contestalertsrk fan assemble tell u favourite srk dialogue well get printed rule follow retweet tag 3 friend lucky winner get hand customised tee 30yearsofshahrukhkhanera 30yearsofsrk contestalertindia
524,zara usse baat krao jinhone ladkiyo ki trouser mei pocketsnhi daaliyeh hai tumhari tameez aur sanskaar
525,add cart krke order krna bhul jaoge toh weekend pe thodi kuch naya pehn ne ko millega
526,expectation 2 min ordering online
527,he 10 ruling bollywood heart since 30 years30yearsofshahrukhkhanera 30yearsofsrk
528,people make go outwhile making excuse go outwhich one saturday
529,contestalertanswer get chance win personal care productsrulesfollow retweet tweetanswer tag 3 friendsall set goooocontestalertindia contest giveaway giveawayalert win giveaway
530,hera pheri 3 original cast announced u
531,contestalertdesign meshirt post screenshot designrules1 use mymeshirt 2 follow 10 bewakoof design get print customized giveawayalert contest giveaway contestindia giveawayindia contestwinners
532,drop name favourite movie character elite fashion sensewell start poo kabhi khushi kabhi gham
533,wardrobe look like friday night youre going partymessi p happy birthday
534,meri life purane kapdo ki tarah hogyi hai 24 ghante fatti padi rehti hai
535,shopping cart salary
536,contestalertrules follow find favourite biggboss contestant tag 3 people amp ask follow retweet tweetlucky winner win customised tshirt favourite contestant quote contestindia contest giveaway giveaway
537,settle something standard always get something made especially someone monica friend love everything according taste got something stay tuned
538,biggboss fan something super exciting coming youll stay tuned keep following know hype
539,gentle reminder contest end tomorrow participate win merchandise contestalert contestalertindia contestindia giveaway
540,shes 10 take lifetime decide wear
541,middle class salary carrying responsibility
542,entering family function like
543,contestalertrules follow capture pride collection logo perfectly reply screenshot tag 3 people amp ask follow retweet tweetlucky winner win pride merchandise contestindia contest giveaway giveaway
544,congratulation winning musicday contest jaiswal itsme 021 rest dont worry contest giveaway happening everydaykeep following
545,happy internationalyogaday clothes stretch beyond capability fit u
546,favorite clothing item title track would bewell starta tshirt fit perfectly lag ja galeworldmusicday
547,brb changing party outfit look good grooving nonstop theunheardbreak
548,worldmusicday2022 contest music loverstake screenshot playlist share u below5 lucky winner win bewakoof merchandise rulesfollow post screenshot playlistcontestalert contestindia
549,happy worldmusicday music lover weve got exciting contest todayfollow stay tuned contest go live hour musicday contestalert contestindia contest giveaway giveaway
550,could dating app match people based fashion sense
551,pov crush talked first time said woh chai nhi peeta
552,spending entire salary outfit goal time showstopper shehnaazshehnaazgill sidnaaz sidnaazians
553,hope dream come truefor help contest winner get sport coolest bts tee kworld collection congratulation winning contest kumkum22 dm u detail claim reward
554,papa ko convince kiya ho ya nahi humko zaroor convince kar liya ki thodi bewakoofi toh zaroori hai yaarcongratulations winning contest shubham31 dm u detail claim reward
555,like pineapple pizza bad combination whats bad combination outfit
556,kya matlab tum sunday ko 12 baje se pehle uthte ho
557,motivational speaker smile best outfit wearour founder
558,fathersday contestalerttell u would convince father let go goa trip friends3 innovative answer win bewakoof merchandise rules1 follow 2 answer tag 3 friend ready set goooogiveaway contestindia
559,share story father keep bewakoof side alive belowfathersday fathersday2022
560,shirt tucked outchoose one amp tell u
561,one dressing tip woman want give men
562,pov friend canceled weekend plan
563,celebrate full stride allnew pride collection starting r 499 shop array urbane topwear bottomwear accessory amp bewakoof shop pride pridemonth pridecollection lgbtqia
564,also nothing wear even full closet abnormal
565,tell u bts experience youd like see live temporarily go pursue solo projectsbest answer win exclusive bts merchandise rules1 follow 2answer tag btsarmy participatecontestcontestindia contestalert
566,grab crazy deal todayonly hour left go awayshop direct
567,2 tshirts never enough 1 u
568,youll spoilt choice summer
569,happier checkout make go oof
570,
571,last day oof sale still crazzyy offer brought meme bewakoof teamsale discount oofsale online shopping
572,tshirts shirtschoose one tell u
573,favourite ghostbuster style make go ami je tomar get official bhool bhulaiyaa 2 merch bhoolbhulaiyaa2 kartikaryan kiaraadvani bollywood
574,unpopular opinion ctc come monthly fashion allowance roz roz office mei kya naya pehne
575,corporate employee taking sutta breakbrahmastratrailer ranbirkapoor brahmastra
576,congratulation winning contest desi superhero name helped win tee marvel go local merchandise dm u detail claim prize
577,becauselove never one size fit allpride pridemonth
578,whats something youd never wear name fashion
579,missing ranbirkapoor screen watching trailer brahmastra waiting epic shiva saga unfold brahmastratrailer ranbir
580,vibe match ho na ho dressing sense match honi chaiye
581,would desi superhero name funniest name win tee marvel go local collection havent already go check collection rule follow comment tell u desi superhero namecontestalert
582,shopper yeh cart chase krne ka rishta kya kehlata haiyrkkh abhimanyubirla harshadchopda abhira
583,india hatke sale oof sale back banggrab 4070 bestselling topwear bottomwear amp 1016th june bewakoof hurryshop
584,pov youre applying every coupon code isbefore checkouttheoffice
585,escape ordinary getting hand quirky regional raga collection india hatke sale oof sale kickass day shop oversizedtee womensfashion casual sale discount trendylook explore
586,3 reason oof sale 1 4070 style hard say no2 get extra 10 cashback checkout like cherry discount top3 prepaid order 999 get free giftwhat waiting forshop
587,congratulation prepare get cart wish fulfilled dm u detail well take care resthappy shopping everyoneoof sale live till 16th juneshop
588,bts army right bts9thanniversary 9yearswithbts bts btsarmy
589,drop controversial fashionstyle opinion thatll end like
590,adding item cart get free shipping
591,btw india hatke sale oof sale back bang discount bonus amp coupon waiting check grab 4070 bestselling topwear bottomwear amp 1016th june bewakoofshop
592,checkout cart discover discount amp coupon
593,add hint desiness everyday ensemble freshen wardrobe cool marvel local collection
594,dressing well mean
595,right reasonszayn malik
596,btw india hatke sale oof sale back bang grab 4070 bestselling topwear bottomwear amp 1016th june bewakoofhurry make pradhanji proud shop
597,shopping cart salary saleseason
598,treat army blink check exclusive kpop collection starting r 349 shop chic topwear footwear bottomwear blink purple itshop kpop kpopcollection bts btsarmy blackpink yettocome
599,shop exclusive oversized tshirts live comfort element forever click shop directly
600,called oversized tshirts comfort zone
601,hbd bossbabe tejasswi happybirthdaytejasswiprakash tejasswibdaybash tejran tejasswiprakash
602,contestalertget chance win favourite oofsale simply following rulesfollow head add favourite cart reply tweet screenshot cart retweet amp tag 3 friend
603,shop newly launched kpop collection explore bts fandom fullestcheck
604,drumrolls please india hatke sale oof sale back bang grab 4070 bestselling topwear bottomwear amp 1016th june bewakoof hurryshop sale discount oofsale online shopping
605,guy look like theyre drop hottest album 2022 need proofyettocome btsproof
606,brb gotta rehearse ask wearing tonight
607,describe goto outfit movie title well go first men black
608,added desi tinge give favourite marvel superheroes twist like never latest drop check
609,marvel superheroes decided take shot iconic bollywood moment went
610,buy outfit make closet happybecause well wear thing every timewikkinayan vigneshsivan wikkinayanweddingnayanthara
611,chris evans went captain america captain fashion real quickps dont miss newly launched desi marvel collectioncheck marvelstudios captainamerica marvel avenger
612,calling marvel fan prepare assemble latest collection live giving favourite marvel superheroes desi twist shop marvel superheroes
613,kpop merch link
614,casual party girl gang amp would never overdressthe girl gang partypriyankachopra annehathaway lisa blackpink
615,reveal ultimate surprise launching exclusive k pop collection live fandom full stylecheck entire collection clicking link
616,q4 blackpink first kpop act perform californian festival kpop blackpink blink
617,q3 youngest member bts kpop bts btsarmy
618,q2 name blackpinks debut album kpop blackpink blink
619,q1 bts really stand kpop bts btsarmy
620,attention kpop fanswere finally revealing something special first test kpop knowledge ultimate kpop quiz belowits time bts amp blackpink fan buckle kpop bts btsarmy blackpink blink
621,attention kpop fanshow test kpop knowledge today reveal special something endwould folk kpop bts btsarmy blackpink blink
622,johnny depp indian mom wouldve said isse accha toh mai ghr pe bna leti
623,armaan malik x ed sheeranarmaanmalik edsheeran 2step
624,armaan malik x ed sheeran real multiverse madnessarmaanmalik edsheeran 2step
625,comfort comfort comfort need say morecombine comfort swag create one kind look cool tshirt regional raga collection shop fashion style onlineshopping shopping
626,pov amp girlfriend making smashing entry college farewellplot twist wake dream karankundrra tejasswiprakash tejran tejran
627,devil wear prada hoodie
628,get excited outfit special occasion boring
629,south bombay lakme fashion week south delhi kitty party
630,dont know need hear waiting door order wont get delivered faster
631,say boring clothes escape heat vogue range cool printed tee shop
632,whats major fashion turnoff
633,atmanirbhar clothing mean tshirt hug better ex
634,sustainability look good youus earth worldenvironmentday
635,dc character get comment tell u
636,underrated piece clothing wardrobe
637,sometimes dont get want deserve better add cart
638,time look upon someone youre checking outfit head toe
639,gifted clothes birthday gt buying new clothesitsaprothing
640,wedding outfit suit amp tie samratprithvirajday
641,cycling reach destination called fitting old clothesworldbicycleday
642,bts coming mumbai cancelled pandemicall left bt
643,maybe theyre replying late coz theyre thinking wear
644,last chance grab june colorofthemonth cheeky pink special price launch price end tonightshop nowfreshdrop newcollection shopping onlineshopping
645,real friendship look like order delivered homewhos friend
646,math know adding cart
647,amber heard johnnydepp listened
648,kuch bewakoofiyaan bhi zaroori hai
649,contestalert follow like tweet take screenshot june colorofthemonth post retweet tag 3 friend encourage participateready set goooogiveaways contest
650,drop 1 kk song hit right feel todaykk
651,order online pay free shippingps tribe member free shipping standard happier facesjust saying
652,kks death left u thinking kitna kuch kehna hai firbhi hai dil mei sawaal kahiiiripkk
653,feelin moody floaty fiery june colorofthemonth cheeky pink something every mood shop quirky amp trendy style tshirts vest dress short amp starting r 299 bewakoofshop fashion shopping
654,cool tshirt sleek regional tamil graphic expressing minimalist vibe next purchaseshop
655,someone open last page notebook school might find
656,spoiler without context never shopped
657,know youll care guess next month colorofthemonthhint cheeky idcish make go dont carei love
658,wear punjabi pride sleeve rock regional print like bossshop
659,sorry sorryipl
660,ready start week mondaythoughts
661,gujarat titan youll jadav12 congratulation winning prediction contest dm u detail redeem prize
662,rr toss take trophy home season think iplfinal ipl2022 gtvrr
663,team think win toss gtvsrr iplfinal ipl2022
664,garba v ghoomar tonightipl2022final ipl2022 iplfinal
665,become tribee avail 4070 bestseller tribe lsd sunday sale yearly membership price start rs199 offer valid till 29th may hurry join discount sale shopping onlineonlineshopping
